{
  "image": "p10_rv25j.jpg",
  "rect": {
    "ul": [
      177.0872667398463,
      946.2678375411635
    ],
    "lr": [
      1215.2782656421514,
      1757.3545554335894
    ]
  }
}